,id_labels,pred
0,1698001_y1,0.54927623
1,1698001_y2,0.73384315
2,1698001_y3,1.2550651
3,1698001_y4,0.030228142
4,1698001_y5,0.29545528
5,1698001_y6,0.19645652
6,1698001_y7,0.28057182
7,1698001_y8,0.6989526
8,1698001_y9,-0.04702912
9,1698001_y10,1.0647025
10,1698001_y11,0.6045108
11,1698001_y12,1.0124295
12,1698001_y13,0.69306594
13,1698001_y14,0.40587854
14,1698001_y15,0.6450539
15,1698001_y16,-0.034664925
16,1698001_y17,0.16943099
17,1698001_y18,0.49746886
18,1698001_y19,1.2978901
19,1698001_y20,0.3522896
20,1698001_y21,0.31335947
21,1698001_y22,0.62445134
22,1698001_y23,-0.0035974747
23,1698001_y24,0.23840027
24,1698001_y25,0.6937456
25,1698001_y26,0.936473
26,1698001_y27,1.0296619
27,1698001_y28,-0.047692794
28,1698001_y29,0.78700227
29,1698001_y30,1.040352
30,1698001_y31,0.6841159
31,1698001_y32,0.75595343
32,1698001_y33,0.7215252
33,1698002_y1,0.958494
34,1698002_y2,0.8644269
35,1698002_y3,-0.008184876
36,1698002_y4,0.7231311
37,1698002_y5,0.8196416
38,1698002_y6,0.32441282
39,1698002_y7,0.25046968
40,1698002_y8,0.96384966
41,1698002_y9,0.9345421
42,1698002_y10,0.16026105
43,1698002_y11,0.059662096
44,1698002_y12,1.0737175
45,1698002_y13,0.7093931
46,1698002_y14,0.8492751
47,1698002_y15,0.9593464
48,1698002_y16,0.4164966
49,1698002_y17,0.8210503
50,1698002_y18,0.40677515
51,1698002_y19,1.0104496
52,1698002_y20,0.52434146
53,1698002_y21,0.092681
54,1698002_y22,0.7495992
55,1698002_y23,0.23794506
56,1698002_y24,0.34992683
57,1698002_y25,0.92788595
58,1698002_y26,0.8060117
59,1698002_y27,0.35964966
60,1698002_y28,0.21420881
61,1698002_y29,0.17671084
62,1698002_y30,0.35655925
63,1698002_y31,0.6375833
64,1698002_y32,0.5751386
65,1698002_y33,0.24168725
66,1698003_y1,0.3385882
67,1698003_y2,0.2116597
68,1698003_y3,0.5578613
69,1698003_y4,0.5903877
70,1698003_y5,0.19950522
71,1698003_y6,0.78558326
72,1698003_y7,0.8902912
73,1698003_y8,0.7304858
74,1698003_y9,0.16271149
75,1698003_y10,0.5447398
76,1698003_y11,0.55368745
77,1698003_y12,0.6569479
78,1698003_y13,0.14425391
79,1698003_y14,0.2770998
80,1698003_y15,0.30417114
81,1698003_y16,0.8170013
82,1698003_y17,1.0198646
83,1698003_y18,0.6840292
84,1698003_y19,0.04481538
85,1698003_y20,0.61766094
86,1698003_y21,0.9519495
87,1698003_y22,0.92402464
88,1698003_y23,0.35141447
89,1698003_y24,0.26686832
90,1698003_y25,0.5141016
91,1698003_y26,0.3056417
92,1698003_y27,0.6983349
93,1698003_y28,0.06957526
94,1698003_y29,0.21569301
95,1698003_y30,1.0073576
96,1698003_y31,0.6041962
97,1698003_y32,0.83029073
98,1698003_y33,0.6879544
99,1698004_y1,0.4644125
100,1698004_y2,0.49819803
101,1698004_y3,0.71545887
102,1698004_y4,0.6299876
103,1698004_y5,0.20877115
104,1698004_y6,0.7114161
105,1698004_y7,0.61643547
106,1698004_y8,0.4627007
107,1698004_y9,0.18675533
108,1698004_y10,1.1834213
109,1698004_y11,0.29331672
110,1698004_y12,0.4672979
111,1698004_y13,0.954487
112,1698004_y14,0.7030678
113,1698004_y15,0.8575843
114,1698004_y16,0.38270545
115,1698004_y17,0.9039004
116,1698004_y18,0.14266445
117,1698004_y19,0.36050975
118,1698004_y20,0.94673353
119,1698004_y21,1.0827553
120,1698004_y22,1.0047953
121,1698004_y23,0.36670956
122,1698004_y24,0.15961696
123,1698004_y25,0.5882416
124,1698004_y26,0.1051339
125,1698004_y27,0.27760893
126,1698004_y28,-0.028377527
127,1698004_y29,0.72333336
128,1698004_y30,0.6511843
129,1698004_y31,0.636155
130,1698004_y32,0.88411045
131,1698004_y33,-0.07273957
132,1698005_y1,0.089706436
133,1698005_y2,0.40645802
134,1698005_y3,0.8051366
135,1698005_y4,0.19392201
136,1698005_y5,0.4880866
137,1698005_y6,0.7247237
138,1698005_y7,0.93207264
139,1698005_y8,0.5241783
140,1698005_y9,0.17938979
141,1698005_y10,1.0616503
142,1698005_y11,0.73687744
143,1698005_y12,0.6711506
144,1698005_y13,0.21280892
145,1698005_y14,0.40050238
146,1698005_y15,1.0202812
147,1698005_y16,0.16686033
148,1698005_y17,0.32909313
149,1698005_y18,0.7781476
150,1698005_y19,0.69854456
151,1698005_y20,0.30280405
152,1698005_y21,0.6436067
153,1698005_y22,0.03838433
154,1698005_y23,0.8093968
155,1698005_y24,0.1598173
156,1698005_y25,1.0021197
157,1698005_y26,0.7953815
158,1698005_y27,0.21987572
159,1698005_y28,-0.21141642
160,1698005_y29,-0.05051206
161,1698005_y30,0.6401428
162,1698005_y31,0.62117755
163,1698005_y32,0.21668762
164,1698005_y33,0.4933527
165,1698006_y1,0.79012054
166,1698006_y2,1.1387161
167,1698006_y3,0.9564849
168,1698006_y4,1.2071263
169,1698006_y5,0.29857683
170,1698006_y6,0.77184695
171,1698006_y7,0.07098899
172,1698006_y8,0.010020998
173,1698006_y9,0.6805157
174,1698006_y10,0.8196484
175,1698006_y11,0.8857955
176,1698006_y12,0.7554507
177,1698006_y13,0.3388248
178,1698006_y14,0.4565255
179,1698006_y15,-0.10637779
180,1698006_y16,0.8391162
181,1698006_y17,0.075897016
182,1698006_y18,0.7554367
183,1698006_y19,0.65914977
184,1698006_y20,0.5634263
185,1698006_y21,0.64962524
186,1698006_y22,0.65454614
187,1698006_y23,0.5480359
188,1698006_y24,0.4486972
189,1698006_y25,0.8850317
190,1698006_y26,0.40260735
191,1698006_y27,0.38789842
192,1698006_y28,0.58832633
193,1698006_y29,0.12548988
194,1698006_y30,0.6781847
195,1698006_y31,0.7841729
196,1698006_y32,0.86087996
197,1698006_y33,0.81510097
198,1698007_y1,0.09548175
199,1698007_y2,0.71784604
200,1698007_y3,0.65814894
201,1698007_y4,0.11335251
202,1698007_y5,0.45822817
203,1698007_y6,1.0275636
204,1698007_y7,0.35622212
205,1698007_y8,0.65296566
206,1698007_y9,0.0867502
207,1698007_y10,0.76173085
208,1698007_y11,0.4995419
209,1698007_y12,-0.03787745
210,1698007_y13,0.7336919
211,1698007_y14,0.4498583
212,1698007_y15,0.19155167
213,1698007_y16,0.30548355
214,1698007_y17,0.64637274
215,1698007_y18,0.6538613
216,1698007_y19,0.68246776
217,1698007_y20,0.45881322
218,1698007_y21,0.05220023
219,1698007_y22,0.30448824
220,1698007_y23,1.0814518
221,1698007_y24,0.8129264
222,1698007_y25,0.41453248
223,1698007_y26,0.4312928
224,1698007_y27,0.23169343
225,1698007_y28,0.6503586
226,1698007_y29,0.53945947
227,1698007_y30,0.7303523
228,1698007_y31,0.36240518
229,1698007_y32,0.5299072
230,1698007_y33,-0.034700446
231,1698008_y1,0.8517965
232,1698008_y2,0.80795246
233,1698008_y3,0.8323678
234,1698008_y4,0.3587302
235,1698008_y5,0.2346887
236,1698008_y6,0.77366006
237,1698008_y7,0.84554183
238,1698008_y8,-0.057637323
239,1698008_y9,1.057509
240,1698008_y10,0.75543606
241,1698008_y11,0.83372355
242,1698008_y12,-0.029770458
243,1698008_y13,-0.10214245
244,1698008_y14,-0.06922614
245,1698008_y15,0.89480346
246,1698008_y16,0.43403623
247,1698008_y17,0.89594525
248,1698008_y18,0.68455756
249,1698008_y19,0.65866584
250,1698008_y20,1.251812
251,1698008_y21,0.7312543
252,1698008_y22,0.54489255
253,1698008_y23,0.843264
254,1698008_y24,0.5287342
255,1698008_y25,0.9125766
256,1698008_y26,1.0496981
257,1698008_y27,0.5011589
258,1698008_y28,0.40623438
259,1698008_y29,0.37898487
260,1698008_y30,-0.119348235
261,1698008_y31,0.15406305
262,1698008_y32,0.7898747
263,1698008_y33,0.60612494
264,1698009_y1,0.09253427
265,1698009_y2,0.7341455
266,1698009_y3,0.68600017
267,1698009_y4,0.5478626
268,1698009_y5,0.033099145
269,1698009_y6,1.0123326
270,1698009_y7,0.2289938
271,1698009_y8,0.24504535
272,1698009_y9,0.6293982
273,1698009_y10,1.0342131
274,1698009_y11,1.1899334
275,1698009_y12,0.098771356
276,1698009_y13,0.85600466
277,1698009_y14,0.24238831
278,1698009_y15,0.5582073
279,1698009_y16,0.7318866
280,1698009_y17,0.13213949
281,1698009_y18,0.52109766
282,1698009_y19,-0.15064694
283,1698009_y20,0.698372
284,1698009_y21,0.68337786
285,1698009_y22,0.44663092
286,1698009_y23,0.79918146
287,1698009_y24,0.7701
288,1698009_y25,0.10508822
289,1698009_y26,0.55051833
290,1698009_y27,0.74577445
291,1698009_y28,0.8831296
292,1698009_y29,-0.0033530612
293,1698009_y30,0.6417309
294,1698009_y31,0.7333224
295,1698009_y32,-0.032791708
296,1698009_y33,0.8077557
297,1698010_y1,0.094010636
298,1698010_y2,0.7154989
299,1698010_y3,1.1466248
300,1698010_y4,1.125371
301,1698010_y5,0.09308504
302,1698010_y6,0.48288214
303,1698010_y7,0.5601488
304,1698010_y8,0.37102655
305,1698010_y9,0.28267813
306,1698010_y10,0.0778104
307,1698010_y11,1.0370662
308,1698010_y12,0.1691455
309,1698010_y13,0.99423367
310,1698010_y14,0.05084733
311,1698010_y15,0.88152045
312,1698010_y16,0.57000417
313,1698010_y17,0.65085864
314,1698010_y18,0.29339352
315,1698010_y19,0.8237921
316,1698010_y20,0.680602
317,1698010_y21,0.8063254
318,1698010_y22,0.5465678
319,1698010_y23,0.03966292
320,1698010_y24,0.6562636
321,1698010_y25,0.676325
322,1698010_y26,0.80614257
323,1698010_y27,0.90645134
324,1698010_y28,0.018723547
325,1698010_y29,1.0816807
326,1698010_y30,0.6489361
327,1698010_y31,0.16388352
328,1698010_y32,0.5369299
329,1698010_y33,0.32101822
330,1698011_y1,0.80445546
331,1698011_y2,0.88263845
332,1698011_y3,0.82179666
333,1698011_y4,0.59603167
334,1698011_y5,0.7353942
335,1698011_y6,-0.030209899
336,1698011_y7,0.46631065
337,1698011_y8,0.15951145
338,1698011_y9,0.69204324
339,1698011_y10,0.47021428
340,1698011_y11,0.20297658
341,1698011_y12,0.2383086
342,1698011_y13,0.2090732
343,1698011_y14,0.23833272
344,1698011_y15,1.0278909
345,1698011_y16,1.1620469
346,1698011_y17,0.1028914
347,1698011_y18,0.792734
348,1698011_y19,0.7728867
349,1698011_y20,0.79578567
350,1698011_y21,0.64088553
351,1698011_y22,0.87929004
352,1698011_y23,-0.044231124
353,1698011_y24,0.060111474
354,1698011_y25,1.0861597
355,1698011_y26,0.33153042
356,1698011_y27,1.0733908
357,1698011_y28,1.0802196
358,1698011_y29,0.9353656
359,1698011_y30,0.20833199
360,1698011_y31,0.8562885
361,1698011_y32,0.12311186
362,1698011_y33,0.77255297
363,1698012_y1,0.46409208
364,1698012_y2,0.42837003
365,1698012_y3,-0.008966067
366,1698012_y4,0.6428123
367,1698012_y5,0.803981
368,1698012_y6,0.14327428
369,1698012_y7,0.84757835
370,1698012_y8,0.8488489
371,1698012_y9,-0.06964592
372,1698012_y10,0.91890293
373,1698012_y11,0.80874836
374,1698012_y12,0.9783934
375,1698012_y13,0.6410653
376,1698012_y14,1.0467174
377,1698012_y15,0.103779025
378,1698012_y16,0.77319497
379,1698012_y17,0.21515311
380,1698012_y18,0.9851921
381,1698012_y19,0.25747052
382,1698012_y20,1.0031673
383,1698012_y21,0.3828062
384,1698012_y22,0.043339282
385,1698012_y23,0.76245403
386,1698012_y24,0.21732643
387,1698012_y25,0.2205293
388,1698012_y26,0.007599009
389,1698012_y27,0.1052499
390,1698012_y28,0.13292918
391,1698012_y29,0.000977518
392,1698012_y30,0.5569674
393,1698012_y31,0.032375846
394,1698012_y32,0.9656611
395,1698012_y33,0.88271874
396,1698013_y1,0.4666736
397,1698013_y2,0.8476989
398,1698013_y3,0.94792795
399,1698013_y4,0.85656554
400,1698013_y5,0.59751797
401,1698013_y6,0.610293
402,1698013_y7,0.7267486
403,1698013_y8,0.9521644
404,1698013_y9,0.11149977
405,1698013_y10,0.06275189
406,1698013_y11,0.7328458
407,1698013_y12,-0.03690888
408,1698013_y13,-0.013243452
409,1698013_y14,0.78876466
410,1698013_y15,0.47699293
411,1698013_y16,0.29841024
412,1698013_y17,0.25123042
413,1698013_y18,0.811582
414,1698013_y19,0.044448446
415,1698013_y20,0.8466411
416,1698013_y21,0.4020074
417,1698013_y22,0.16515313
418,1698013_y23,0.78676474
419,1698013_y24,0.3069574
420,1698013_y25,0.55928475
421,1698013_y26,0.16675164
422,1698013_y27,0.9355224
423,1698013_y28,0.8331982
424,1698013_y29,0.12442885
425,1698013_y30,0.20992146
426,1698013_y31,0.6115485
427,1698013_y32,0.5439555
428,1698013_y33,1.105458
429,1698014_y1,-0.07625522
430,1698014_y2,0.39700767
431,1698014_y3,0.48950148
432,1698014_y4,-0.044001576
433,1698014_y5,0.22283353
434,1698014_y6,0.93151397
435,1698014_y7,-0.008211008
436,1698014_y8,0.79302233
437,1698014_y9,0.21692042
438,1698014_y10,0.7829214
439,1698014_y11,0.30423877
440,1698014_y12,0.6513631
441,1698014_y13,0.84514385
442,1698014_y14,0.7407546
443,1698014_y15,0.45426023
444,1698014_y16,0.85013956
445,1698014_y17,-0.048264228
446,1698014_y18,0.71240866
447,1698014_y19,-0.089671135
448,1698014_y20,0.4870677
449,1698014_y21,0.4330588
450,1698014_y22,0.97743773
451,1698014_y23,0.9619471
452,1698014_y24,1.071447
453,1698014_y25,0.86562777
454,1698014_y26,0.8068388
455,1698014_y27,0.25301892
456,1698014_y28,0.32085958
457,1698014_y29,0.5758592
458,1698014_y30,0.78700656
459,1698014_y31,0.6037832
460,1698014_y32,0.8019937
461,1698014_y33,0.8088936
462,1698015_y1,0.83384854
463,1698015_y2,0.8351787
464,1698015_y3,0.7586717
465,1698015_y4,0.8089295
466,1698015_y5,0.224223
467,1698015_y6,0.4569212
468,1698015_y7,0.2008888
469,1698015_y8,0.46333128
470,1698015_y9,0.49653634
471,1698015_y10,0.55647457
472,1698015_y11,0.35768515
473,1698015_y12,0.37215146
474,1698015_y13,0.5866826
475,1698015_y14,0.77492225
476,1698015_y15,0.52085197
477,1698015_y16,0.6172077
478,1698015_y17,0.7885848
479,1698015_y18,0.15944287
480,1698015_y19,0.1338908
481,1698015_y20,0.176167
482,1698015_y21,-0.05538338
483,1698015_y22,0.9711517
484,1698015_y23,0.60155815
485,1698015_y24,0.16789052
486,1698015_y25,0.17935064
487,1698015_y26,0.71407855
488,1698015_y27,0.16463351
489,1698015_y28,0.3800855
490,1698015_y29,0.08967331
491,1698015_y30,0.75102764
492,1698015_y31,0.83176655
493,1698015_y32,0.4920839
494,1698015_y33,-0.05589893
495,1698016_y1,0.29365894
496,1698016_y2,0.34595582
497,1698016_y3,0.18644439
498,1698016_y4,0.5916192
499,1698016_y5,0.31672534
500,1698016_y6,0.048906725
501,1698016_y7,0.5146116
502,1698016_y8,0.270545
503,1698016_y9,0.32932484
504,1698016_y10,1.0503019
505,1698016_y11,0.99222535
506,1698016_y12,1.0122021
507,1698016_y13,0.94208884
508,1698016_y14,0.12198838
509,1698016_y15,0.011794429
510,1698016_y16,0.003168181
511,1698016_y17,0.68966925
512,1698016_y18,0.79229057
513,1698016_y19,0.23462054
514,1698016_y20,0.032723386
515,1698016_y21,-0.004262819
516,1698016_y22,0.040328786
517,1698016_y23,0.46010947
518,1698016_y24,-0.018829018
519,1698016_y25,0.2742297
520,1698016_y26,0.66106004
521,1698016_y27,0.52133006
522,1698016_y28,0.78256875
523,1698016_y29,0.93986505
524,1698016_y30,0.9070159
525,1698016_y31,1.0485976
526,1698016_y32,0.5701864
527,1698016_y33,0.5400295
528,1698017_y1,0.0008320585
529,1698017_y2,0.27845863
530,1698017_y3,0.71268713
531,1698017_y4,0.95450675
532,1698017_y5,0.814151
533,1698017_y6,0.2001943
534,1698017_y7,0.7845499
535,1698017_y8,0.74844486
536,1698017_y9,0.45900136
537,1698017_y10,0.11562067
538,1698017_y11,0.7557269
539,1698017_y12,0.19640447
540,1698017_y13,0.7729691
541,1698017_y14,0.678546
542,1698017_y15,0.54403245
543,1698017_y16,0.6247781
544,1698017_y17,0.6857318
545,1698017_y18,0.42472857
546,1698017_y19,0.12611528
547,1698017_y20,0.6575283
548,1698017_y21,0.69221884
549,1698017_y22,0.96415144
550,1698017_y23,0.84853774
551,1698017_y24,0.63595283
552,1698017_y25,0.7322693
553,1698017_y26,1.0152371
554,1698017_y27,0.6354628
555,1698017_y28,0.9471066
556,1698017_y29,0.73284954
557,1698017_y30,0.7116725
558,1698017_y31,0.5022066
559,1698017_y32,0.9860697
560,1698017_y33,0.8294954
561,1698018_y1,1.0016294
562,1698018_y2,0.9975641
563,1698018_y3,0.78083044
564,1698018_y4,0.57251716
565,1698018_y5,0.5828004
566,1698018_y6,0.58840865
567,1698018_y7,0.9495458
568,1698018_y8,0.057199933
569,1698018_y9,0.5031816
570,1698018_y10,0.082137845
571,1698018_y11,0.12353804
572,1698018_y12,0.58255017
573,1698018_y13,0.5149284
574,1698018_y14,0.5586127
575,1698018_y15,0.7057925
576,1698018_y16,-0.159289
577,1698018_y17,0.7076821
578,1698018_y18,0.28372937
579,1698018_y19,-0.041421
580,1698018_y20,0.6924496
581,1698018_y21,0.69243556
582,1698018_y22,0.69831973
583,1698018_y23,0.7625362
584,1698018_y24,0.68795574
585,1698018_y25,-0.08038083
586,1698018_y26,0.10931339
587,1698018_y27,0.43317387
588,1698018_y28,0.2300682
589,1698018_y29,0.69637066
590,1698018_y30,0.19426216
591,1698018_y31,0.030555204
592,1698018_y32,0.35660067
593,1698018_y33,1.1233025
594,1698019_y1,0.4396649
595,1698019_y2,0.8535334
596,1698019_y3,-0.10525646
597,1698019_y4,0.86963314
598,1698019_y5,0.80481964
599,1698019_y6,1.1308851
600,1698019_y7,-0.014849563
601,1698019_y8,1.0597104
602,1698019_y9,-0.009056614
603,1698019_y10,0.38155484
604,1698019_y11,0.820532
605,1698019_y12,1.1713226
606,1698019_y13,0.19238877
607,1698019_y14,0.58012205
608,1698019_y15,0.5888695
609,1698019_y16,0.77047056
610,1698019_y17,0.7203377
611,1698019_y18,0.2979704
612,1698019_y19,0.08663323
613,1698019_y20,0.43367377
614,1698019_y21,0.031023633
615,1698019_y22,0.24853812
616,1698019_y23,1.0364337
617,1698019_y24,0.19288252
618,1698019_y25,0.5604655
619,1698019_y26,0.8679768
620,1698019_y27,0.87165713
621,1698019_y28,0.2535553
622,1698019_y29,0.8675335
623,1698019_y30,1.0402558
624,1698019_y31,0.031753942
625,1698019_y32,0.11439213
626,1698019_y33,0.42483553
627,1698020_y1,0.43852994
628,1698020_y2,1.0587561
629,1698020_y3,-0.019946199
630,1698020_y4,0.005443479
631,1698020_y5,0.7325031
632,1698020_y6,1.0600381
633,1698020_y7,0.20909442
634,1698020_y8,0.606952
635,1698020_y9,0.3151008
636,1698020_y10,0.44294873
637,1698020_y11,0.73796654
638,1698020_y12,0.96395725
639,1698020_y13,1.0650345
640,1698020_y14,0.99812657
641,1698020_y15,0.51141596
642,1698020_y16,0.33032867
643,1698020_y17,1.0868212
644,1698020_y18,0.9660377
645,1698020_y19,0.018970657
646,1698020_y20,0.7242601
647,1698020_y21,0.752377
648,1698020_y22,0.63815993
649,1698020_y23,0.8438317
650,1698020_y24,0.7392461
651,1698020_y25,0.83324254
652,1698020_y26,-0.07865645
653,1698020_y27,0.69206417
654,1698020_y28,0.41912094
655,1698020_y29,1.0154301
656,1698020_y30,0.053300645
657,1698020_y31,0.91950333
658,1698020_y32,0.49654406
659,1698020_y33,0.18160002
660,1698021_y1,0.7234397
661,1698021_y2,0.10481677
662,1698021_y3,0.24851897
663,1698021_y4,0.73976105
664,1698021_y5,0.33377463
665,1698021_y6,0.6489099
666,1698021_y7,0.9452328
667,1698021_y8,0.8667741
668,1698021_y9,0.38509852
669,1698021_y10,-0.13249938
670,1698021_y11,0.07832831
671,1698021_y12,1.0543671
672,1698021_y13,0.674495
673,1698021_y14,0.07109602
674,1698021_y15,0.71366304
675,1698021_y16,0.5916284
676,1698021_y17,0.06322021
677,1698021_y18,0.8666157
678,1698021_y19,1.0727689
679,1698021_y20,0.86031884
680,1698021_y21,0.6368396
681,1698021_y22,0.65993553
682,1698021_y23,0.80072063
683,1698021_y24,0.79072285
684,1698021_y25,0.71453446
685,1698021_y26,1.2032086
686,1698021_y27,0.2582679
687,1698021_y28,0.4968559
688,1698021_y29,0.03573622
689,1698021_y30,0.7327179
690,1698021_y31,0.3769475
691,1698021_y32,0.62303233
692,1698021_y33,0.5230355
693,1698022_y1,0.647939
694,1698022_y2,0.56089604
695,1698022_y3,0.61233145
696,1698022_y4,-0.03840774
697,1698022_y5,0.94306356
698,1698022_y6,0.6735248
699,1698022_y7,0.61438954
700,1698022_y8,0.7283628
701,1698022_y9,0.7689998
702,1698022_y10,0.8574846
703,1698022_y11,0.7382148
704,1698022_y12,0.9216424
705,1698022_y13,0.8844203
706,1698022_y14,1.2101475
707,1698022_y15,0.63194126
708,1698022_y16,0.745799
709,1698022_y17,0.7597429
710,1698022_y18,0.9704007
711,1698022_y19,0.22098656
712,1698022_y20,0.4830506
713,1698022_y21,0.470992
714,1698022_y22,0.32720637
715,1698022_y23,0.57533085
716,1698022_y24,0.21109422
717,1698022_y25,0.44679528
718,1698022_y26,0.022493377
719,1698022_y27,0.5229252
720,1698022_y28,0.4789843
721,1698022_y29,0.7042789
722,1698022_y30,0.39235985
723,1698022_y31,0.404819
724,1698022_y32,0.26056355
725,1698022_y33,0.21951212
726,1698023_y1,0.9658059
727,1698023_y2,1.148059
728,1698023_y3,0.5129803
729,1698023_y4,0.767536
730,1698023_y5,0.28245088
731,1698023_y6,0.56566596
732,1698023_y7,0.2689105
733,1698023_y8,0.4150782
734,1698023_y9,0.011507582
735,1698023_y10,0.5362837
736,1698023_y11,1.0223564
737,1698023_y12,0.8807836
738,1698023_y13,0.64352256
739,1698023_y14,0.92569494
740,1698023_y15,0.64122725
741,1698023_y16,0.027741082
742,1698023_y17,0.8418917
743,1698023_y18,0.8093037
744,1698023_y19,0.88866246
745,1698023_y20,0.3889434
746,1698023_y21,0.7149669
747,1698023_y22,0.2528394
748,1698023_y23,0.081362836
749,1698023_y24,0.7089244
750,1698023_y25,0.37389576
751,1698023_y26,0.8488945
752,1698023_y27,0.7781203
753,1698023_y28,1.0873814
754,1698023_y29,0.1368169
755,1698023_y30,0.4710119
756,1698023_y31,0.8076443
757,1698023_y32,0.34339106
758,1698023_y33,0.8673908
759,1698024_y1,0.23658583
760,1698024_y2,0.6947707
761,1698024_y3,0.6403422
762,1698024_y4,0.9266931
763,1698024_y5,0.920876
764,1698024_y6,0.33001882
765,1698024_y7,0.031465303
766,1698024_y8,1.1226887
767,1698024_y9,0.5552532
768,1698024_y10,0.8537264
769,1698024_y11,0.8576162
770,1698024_y12,0.8005808
771,1698024_y13,0.85889894
772,1698024_y14,0.68345296
773,1698024_y15,0.13930441
774,1698024_y16,0.47824296
775,1698024_y17,0.14388476
776,1698024_y18,0.61576825
777,1698024_y19,0.16075934
778,1698024_y20,0.8586757
779,1698024_y21,0.6207803
780,1698024_y22,0.673008
781,1698024_y23,0.20966347
782,1698024_y24,0.82800555
783,1698024_y25,0.4564182
784,1698024_y26,0.59246784
785,1698024_y27,0.41265976
786,1698024_y28,0.82916313
787,1698024_y29,0.048122127
788,1698024_y30,0.070951805
789,1698024_y31,0.7535386
790,1698024_y32,1.0689303
791,1698024_y33,0.8777537
792,1698025_y1,0.92684823
793,1698025_y2,0.3160678
794,1698025_y3,0.2075735
795,1698025_y4,0.92788553
796,1698025_y5,0.98126805
797,1698025_y6,1.0020396
798,1698025_y7,0.57037324
799,1698025_y8,0.43442866
800,1698025_y9,0.9970505
801,1698025_y10,0.9721977
802,1698025_y11,0.59322166
803,1698025_y12,0.52224755
804,1698025_y13,0.9327149
805,1698025_y14,1.0263122
806,1698025_y15,0.76212615
807,1698025_y16,0.05305228
808,1698025_y17,0.63765293
809,1698025_y18,0.01367067
810,1698025_y19,0.45177975
811,1698025_y20,0.384398
812,1698025_y21,0.8040504
813,1698025_y22,0.72200245
814,1698025_y23,0.5912242
815,1698025_y24,1.0584651
816,1698025_y25,0.1650843
817,1698025_y26,0.030487731
818,1698025_y27,0.819612
819,1698025_y28,0.8481112
820,1698025_y29,0.8677882
821,1698025_y30,0.8767692
822,1698025_y31,0.015064746
823,1698025_y32,0.2964201
824,1698025_y33,0.22448507
825,1698026_y1,0.81071776
826,1698026_y2,1.0819125
827,1698026_y3,0.9272498
828,1698026_y4,-0.042523548
829,1698026_y5,0.22235565
830,1698026_y6,0.016536854
831,1698026_y7,0.21295227
832,1698026_y8,0.07145806
833,1698026_y9,0.16873173
834,1698026_y10,0.94216114
835,1698026_y11,0.08680971
836,1698026_y12,0.5610585
837,1698026_y13,0.9289442
838,1698026_y14,0.4597647
839,1698026_y15,0.7154433
840,1698026_y16,0.7148459
841,1698026_y17,0.5899386
842,1698026_y18,1.1110072
843,1698026_y19,0.80000776
844,1698026_y20,0.45546612
845,1698026_y21,0.07714105
846,1698026_y22,0.20155855
847,1698026_y23,0.15416962
848,1698026_y24,0.43122503
849,1698026_y25,0.20612627
850,1698026_y26,0.74743277
851,1698026_y27,0.85415196
852,1698026_y28,0.72496164
853,1698026_y29,0.06746053
854,1698026_y30,0.8711245
855,1698026_y31,0.7762412
856,1698026_y32,0.005402365
857,1698026_y33,0.4703323
858,1698027_y1,0.78810614
859,1698027_y2,0.23708938
860,1698027_y3,0.26500532
861,1698027_y4,0.6516327
862,1698027_y5,-0.03780535
863,1698027_y6,0.070169024
864,1698027_y7,0.8260657
865,1698027_y8,0.7926091
866,1698027_y9,0.11135781
867,1698027_y10,1.0224379
868,1698027_y11,0.07869443
869,1698027_y12,0.97595996
870,1698027_y13,0.6470699
871,1698027_y14,1.1031632
872,1698027_y15,0.9631203
873,1698027_y16,0.7739501
874,1698027_y17,0.6209383
875,1698027_y18,0.8344393
876,1698027_y19,0.6396334
877,1698027_y20,0.6604423
878,1698027_y21,0.03663835
879,1698027_y22,0.5049141
880,1698027_y23,0.88927084
881,1698027_y24,0.8795531
882,1698027_y25,0.1108813
883,1698027_y26,0.5213168
884,1698027_y27,0.63287497
885,1698027_y28,0.24038842
886,1698027_y29,0.77388036
887,1698027_y30,0.12195836
888,1698027_y31,0.31338504
889,1698027_y32,0.78856015
890,1698027_y33,0.4514528
891,1698028_y1,0.06769173
892,1698028_y2,1.0473639
893,1698028_y3,1.1245916
894,1698028_y4,0.33411816
895,1698028_y5,0.42123333
896,1698028_y6,0.35570112
897,1698028_y7,0.4925636
898,1698028_y8,1.0621914
899,1698028_y9,0.9026244
900,1698028_y10,0.72079283
901,1698028_y11,0.1436343
902,1698028_y12,0.044230007
903,1698028_y13,0.9659035
904,1698028_y14,0.88468385
905,1698028_y15,0.78248924
906,1698028_y16,0.11741841
907,1698028_y17,-0.012142771
908,1698028_y18,1.0432242
909,1698028_y19,1.0996431
910,1698028_y20,0.6677824
911,1698028_y21,0.47239804
912,1698028_y22,1.0532111
913,1698028_y23,0.60224897
914,1698028_y24,-0.07188246
915,1698028_y25,-0.030189577
916,1698028_y26,0.6471671
917,1698028_y27,0.0051757083
918,1698028_y28,0.8311325
919,1698028_y29,0.83493674
920,1698028_y30,0.13552158
921,1698028_y31,0.07517398
922,1698028_y32,0.6908724
923,1698028_y33,0.2982808
924,1698029_y1,0.57099247
925,1698029_y2,0.69497824
926,1698029_y3,0.22117002
927,1698029_y4,0.6431217
928,1698029_y5,0.15603624
929,1698029_y6,0.45789197
930,1698029_y7,0.63986677
931,1698029_y8,1.0299294
932,1698029_y9,0.60622704
933,1698029_y10,0.28308704
934,1698029_y11,0.0031925524
935,1698029_y12,0.0847511
936,1698029_y13,0.47751814
937,1698029_y14,0.880283
938,1698029_y15,0.16670364
939,1698029_y16,0.89668983
940,1698029_y17,0.8490831
941,1698029_y18,0.2277046
942,1698029_y19,0.89004356
943,1698029_y20,-0.066187784
944,1698029_y21,0.88462126
945,1698029_y22,0.6084073
946,1698029_y23,0.1614633
947,1698029_y24,0.34419426
948,1698029_y25,0.96437883
949,1698029_y26,0.7600653
950,1698029_y27,0.6025189
951,1698029_y28,0.9550767
952,1698029_y29,0.5827314
953,1698029_y30,0.6247332
954,1698029_y31,0.7602494
955,1698029_y32,0.9070398
956,1698029_y33,0.08140581
957,1698030_y1,0.82997555
958,1698030_y2,0.24108146
959,1698030_y3,0.5005936
960,1698030_y4,-0.050415512
961,1698030_y5,0.09139255
962,1698030_y6,0.8954792
963,1698030_y7,0.8842102
964,1698030_y8,0.82244027
965,1698030_y9,0.25041234
966,1698030_y10,0.055135693
967,1698030_y11,0.43032983
968,1698030_y12,0.8757679
969,1698030_y13,0.783595
970,1698030_y14,0.7190401
971,1698030_y15,1.1058041
972,1698030_y16,0.9036671
973,1698030_y17,0.83149135
974,1698030_y18,0.17223157
975,1698030_y19,1.029724
976,1698030_y20,0.5289613
977,1698030_y21,0.114521824
978,1698030_y22,1.0169088
979,1698030_y23,1.0346942
980,1698030_y24,0.87773865
981,1698030_y25,0.5851751
982,1698030_y26,0.17263444
983,1698030_y27,0.08411286
984,1698030_y28,0.24534905
985,1698030_y29,0.03761191
986,1698030_y30,0.7193971
987,1698030_y31,0.5189818
988,1698030_y32,0.45412505
989,1698030_y33,0.09260017
990,1698031_y1,0.60027736
991,1698031_y2,0.7664555
992,1698031_y3,0.06786555
993,1698031_y4,0.95223415
994,1698031_y5,0.89321023
995,1698031_y6,0.39855704
996,1698031_y7,0.68630975
997,1698031_y8,0.43813783
998,1698031_y9,1.0468078
999,1698031_y10,0.84491825
1000,1698031_y11,0.41218704
1001,1698031_y12,0.4191675
1002,1698031_y13,0.9808485
1003,1698031_y14,0.5378871
1004,1698031_y15,0.8374124
1005,1698031_y16,0.871452
1006,1698031_y17,0.9486383
1007,1698031_y18,0.56733984
1008,1698031_y19,0.65832293
1009,1698031_y20,0.73602504
1010,1698031_y21,1.0242403
1011,1698031_y22,0.6216392
1012,1698031_y23,0.1274239
1013,1698031_y24,0.26866263
1014,1698031_y25,0.44260055
1015,1698031_y26,0.22964405
1016,1698031_y27,0.25526312
1017,1698031_y28,0.26055098
1018,1698031_y29,0.24401493
1019,1698031_y30,0.047421202
1020,1698031_y31,0.8246219
1021,1698031_y32,0.58820295
1022,1698031_y33,0.51003957
1023,1698032_y1,0.98687774
1024,1698032_y2,0.2838495
1025,1698032_y3,0.7544137
1026,1698032_y4,0.8929445
1027,1698032_y5,0.5184035
1028,1698032_y6,1.1272938
1029,1698032_y7,0.48676765
1030,1698032_y8,0.856587
1031,1698032_y9,-0.058409423
1032,1698032_y10,0.75746745
1033,1698032_y11,-0.0039989827
1034,1698032_y12,0.7542589
1035,1698032_y13,1.1272427
1036,1698032_y14,0.30066377
1037,1698032_y15,1.003019
1038,1698032_y16,0.10093366
1039,1698032_y17,0.7924311
1040,1698032_y18,0.03141288
1041,1698032_y19,0.6257661
1042,1698032_y20,0.8012073
1043,1698032_y21,0.66338885
1044,1698032_y22,0.69480103
1045,1698032_y23,0.22331971
1046,1698032_y24,0.90225744
1047,1698032_y25,0.4547651
1048,1698032_y26,0.22052178
1049,1698032_y27,0.7632976
1050,1698032_y28,0.8582375
1051,1698032_y29,1.0573995
1052,1698032_y30,0.9928415
1053,1698032_y31,0.36131543
1054,1698032_y32,0.33819154
1055,1698032_y33,1.1012841
1056,1698033_y1,0.112141326
1057,1698033_y2,0.7142873
1058,1698033_y3,0.13284817
1059,1698033_y4,0.91240233
1060,1698033_y5,0.9909206
1061,1698033_y6,0.636503
1062,1698033_y7,0.8741895
1063,1698033_y8,0.90083236
1064,1698033_y9,0.79573244
1065,1698033_y10,0.4384321
1066,1698033_y11,0.88551563
1067,1698033_y12,0.7324414
1068,1698033_y13,1.1212478
1069,1698033_y14,0.5523453
1070,1698033_y15,0.18958338
1071,1698033_y16,0.7276282
1072,1698033_y17,0.29368895
1073,1698033_y18,0.276354
1074,1698033_y19,-0.08437309
1075,1698033_y20,0.7553263
1076,1698033_y21,0.4724828
1077,1698033_y22,1.0426724
1078,1698033_y23,0.6885945
1079,1698033_y24,0.60255325
1080,1698033_y25,0.950798
1081,1698033_y26,0.80536056
1082,1698033_y27,0.72244614
1083,1698033_y28,0.8046091
1084,1698033_y29,0.5462099
1085,1698033_y30,-0.06145965
1086,1698033_y31,0.9478366
1087,1698033_y32,0.16996661
1088,1698033_y33,0.14532055
1089,1698034_y1,0.86067784
1090,1698034_y2,0.84524405
1091,1698034_y3,0.6936019
1092,1698034_y4,0.8533592
1093,1698034_y5,0.4070475
1094,1698034_y6,0.23290211
1095,1698034_y7,0.76858014
1096,1698034_y8,0.58692575
1097,1698034_y9,0.17624155
1098,1698034_y10,0.6086931
1099,1698034_y11,0.7882311
1100,1698034_y12,1.0445122
1101,1698034_y13,0.15814447
1102,1698034_y14,0.015811775
1103,1698034_y15,0.80555165
1104,1698034_y16,0.20932375
1105,1698034_y17,0.8275572
1106,1698034_y18,0.47586283
1107,1698034_y19,0.5283037
1108,1698034_y20,0.48756945
1109,1698034_y21,1.03824
1110,1698034_y22,0.9462288
1111,1698034_y23,0.19781634
1112,1698034_y24,0.31551033
1113,1698034_y25,0.5791525
1114,1698034_y26,1.1380459
1115,1698034_y27,0.77065295
1116,1698034_y28,0.11610726
1117,1698034_y29,0.17283702
1118,1698034_y30,0.060746245
1119,1698034_y31,0.81639594
1120,1698034_y32,0.8676681
1121,1698034_y33,0.4853096
1122,1698035_y1,0.114661925
1123,1698035_y2,0.2634763
1124,1698035_y3,0.9782739
1125,1698035_y4,0.14830606
1126,1698035_y5,0.11474243
1127,1698035_y6,1.2351693
1128,1698035_y7,0.7807117
1129,1698035_y8,0.74020916
1130,1698035_y9,0.7318959
1131,1698035_y10,0.24385673
1132,1698035_y11,0.97354335
1133,1698035_y12,0.86859065
1134,1698035_y13,0.24677956
1135,1698035_y14,0.87393147
1136,1698035_y15,0.036881708
1137,1698035_y16,0.633757
1138,1698035_y17,0.2343948
1139,1698035_y18,0.3436148
1140,1698035_y19,0.20960939
1141,1698035_y20,-0.024236213
1142,1698035_y21,0.94428766
1143,1698035_y22,0.057927497
1144,1698035_y23,1.0026202
1145,1698035_y24,0.66477716
1146,1698035_y25,0.8926684
1147,1698035_y26,0.8444807
1148,1698035_y27,0.655451
1149,1698035_y28,0.950462
1150,1698035_y29,0.038656194
1151,1698035_y30,0.29345748
1152,1698035_y31,0.44921252
1153,1698035_y32,0.5584831
1154,1698035_y33,0.70764786
1155,1698036_y1,0.7261725
1156,1698036_y2,0.88195854
1157,1698036_y3,0.4806041
1158,1698036_y4,0.7488929
1159,1698036_y5,0.37704766
1160,1698036_y6,0.6997422
1161,1698036_y7,0.566754
1162,1698036_y8,0.40973482
1163,1698036_y9,0.7384868
1164,1698036_y10,0.30386078
1165,1698036_y11,0.6123851
1166,1698036_y12,0.9043635
1167,1698036_y13,0.8512654
1168,1698036_y14,0.65533906
1169,1698036_y15,0.1895717
1170,1698036_y16,0.85824364
1171,1698036_y17,-0.020992177
1172,1698036_y18,-0.060483165
1173,1698036_y19,0.7958944
1174,1698036_y20,0.6030197
1175,1698036_y21,0.74025255
1176,1698036_y22,0.7929271
1177,1698036_y23,0.32835534
1178,1698036_y24,0.060949482
1179,1698036_y25,0.4872824
1180,1698036_y26,0.31080502
1181,1698036_y27,0.7115435
1182,1698036_y28,0.8428187
1183,1698036_y29,0.62694013
1184,1698036_y30,0.878553
1185,1698036_y31,0.37185737
1186,1698036_y32,0.8003731
1187,1698036_y33,0.5844386
1188,1698037_y1,0.72007674
1189,1698037_y2,0.045073565
1190,1698037_y3,0.12044554
1191,1698037_y4,0.727269
1192,1698037_y5,0.52954453
1193,1698037_y6,0.31931826
1194,1698037_y7,0.20045635
1195,1698037_y8,0.52991384
1196,1698037_y9,-0.041826103
1197,1698037_y10,0.23843364
1198,1698037_y11,0.2314591
1199,1698037_y12,0.060775712
1200,1698037_y13,0.20386992
1201,1698037_y14,1.0444946
1202,1698037_y15,0.946707
1203,1698037_y16,0.07073783
1204,1698037_y17,0.6697321
1205,1698037_y18,0.7378047
1206,1698037_y19,0.24306257
1207,1698037_y20,0.68316233
1208,1698037_y21,0.60127044
1209,1698037_y22,0.63832426
1210,1698037_y23,0.5977831
1211,1698037_y24,0.8385745
1212,1698037_y25,1.0197872
1213,1698037_y26,0.85661876
1214,1698037_y27,0.2839773
1215,1698037_y28,0.80230314
1216,1698037_y29,1.0250288
1217,1698037_y30,0.06439228
1218,1698037_y31,0.02663738
1219,1698037_y32,0.763049
1220,1698037_y33,0.10380959
1221,1698038_y1,0.71869516
1222,1698038_y2,0.9342938
1223,1698038_y3,0.75939703
1224,1698038_y4,-0.012530411
1225,1698038_y5,0.918761
1226,1698038_y6,0.45518175
1227,1698038_y7,0.6556644
1228,1698038_y8,1.0477598
1229,1698038_y9,0.7659963
1230,1698038_y10,0.17366906
1231,1698038_y11,0.7349839
1232,1698038_y12,0.9667175
1233,1698038_y13,0.37291613
1234,1698038_y14,0.75867385
1235,1698038_y15,0.99738926
1236,1698038_y16,0.60429317
1237,1698038_y17,0.708447
1238,1698038_y18,0.0031451765
1239,1698038_y19,0.26821437
1240,1698038_y20,0.8034372
1241,1698038_y21,0.7401586
1242,1698038_y22,0.07274032
1243,1698038_y23,0.5170756
1244,1698038_y24,0.34747052
1245,1698038_y25,0.6270909
1246,1698038_y26,0.5411713
1247,1698038_y27,0.6301522
1248,1698038_y28,1.1226476
1249,1698038_y29,0.7173299
1250,1698038_y30,0.7173357
1251,1698038_y31,0.4394879
1252,1698038_y32,0.8259715
1253,1698038_y33,0.18807259
1254,1698039_y1,0.6091514
1255,1698039_y2,0.12505504
1256,1698039_y3,0.9339228
1257,1698039_y4,0.85333896
1258,1698039_y5,0.67066634
1259,1698039_y6,0.62954026
1260,1698039_y7,0.7438187
1261,1698039_y8,0.7729204
1262,1698039_y9,0.46048847
1263,1698039_y10,0.0795846
1264,1698039_y11,0.77627164
1265,1698039_y12,0.5861415
1266,1698039_y13,0.047493424
1267,1698039_y14,0.83955526
1268,1698039_y15,0.7788454
1269,1698039_y16,0.56233037
1270,1698039_y17,0.4517284
1271,1698039_y18,0.5579727
1272,1698039_y19,0.56730944
1273,1698039_y20,0.62453973
1274,1698039_y21,1.0499853
1275,1698039_y22,0.67325467
1276,1698039_y23,0.037861973
1277,1698039_y24,0.46748564
1278,1698039_y25,0.13073611
1279,1698039_y26,0.39569616
1280,1698039_y27,0.756364
1281,1698039_y28,0.034069605
1282,1698039_y29,0.5139495
1283,1698039_y30,0.69697404
1284,1698039_y31,0.22032753
1285,1698039_y32,0.8922358
1286,1698039_y33,0.10865424
1287,1698040_y1,0.7024123
1288,1698040_y2,1.0105171
1289,1698040_y3,0.54687315
1290,1698040_y4,0.80909175
1291,1698040_y5,0.14469784
1292,1698040_y6,0.6747698
1293,1698040_y7,0.9819727
1294,1698040_y8,0.9063033
1295,1698040_y9,0.37190658
1296,1698040_y10,0.7965855
1297,1698040_y11,0.6401215
1298,1698040_y12,0.10785341
1299,1698040_y13,0.5864143
1300,1698040_y14,0.43109682
1301,1698040_y15,0.92661357
1302,1698040_y16,0.12509869
1303,1698040_y17,0.14529411
1304,1698040_y18,0.78038985
1305,1698040_y19,0.82320577
1306,1698040_y20,0.25411934
1307,1698040_y21,0.07767374
1308,1698040_y22,0.38558328
1309,1698040_y23,0.78691846
1310,1698040_y24,-0.024190305
1311,1698040_y25,0.34144786
1312,1698040_y26,0.1123044
1313,1698040_y27,0.792279
1314,1698040_y28,0.92927057
1315,1698040_y29,0.20876247
1316,1698040_y30,0.5390684
1317,1698040_y31,0.025191812
1318,1698040_y32,0.981928
1319,1698040_y33,0.10723135
1320,1698041_y1,-0.14799967
1321,1698041_y2,0.56477827
1322,1698041_y3,0.22393143
1323,1698041_y4,0.56126904
1324,1698041_y5,-0.12306608
1325,1698041_y6,0.3254503
1326,1698041_y7,0.82834756
1327,1698041_y8,0.29071638
1328,1698041_y9,0.83661056
1329,1698041_y10,0.78078717
1330,1698041_y11,0.18839158
1331,1698041_y12,1.172726
1332,1698041_y13,0.882784
1333,1698041_y14,0.3346196
1334,1698041_y15,0.6696335
1335,1698041_y16,-0.011045766
1336,1698041_y17,0.773698
1337,1698041_y18,0.819068
1338,1698041_y19,0.2639764
1339,1698041_y20,0.9655672
1340,1698041_y21,0.7520536
1341,1698041_y22,0.9701303
1342,1698041_y23,0.4397452
1343,1698041_y24,0.5784617
1344,1698041_y25,0.8165007
1345,1698041_y26,0.7252372
1346,1698041_y27,1.118144
1347,1698041_y28,0.8394423
1348,1698041_y29,0.4619745
1349,1698041_y30,0.58261013
1350,1698041_y31,0.2776238
1351,1698041_y32,0.9181084
1352,1698041_y33,0.5550047
1353,1698042_y1,0.13682006
1354,1698042_y2,0.77633816
1355,1698042_y3,0.6558047
1356,1698042_y4,0.37514582
1357,1698042_y5,0.97067726
1358,1698042_y6,0.8348105
1359,1698042_y7,0.9927315
1360,1698042_y8,0.6723043
1361,1698042_y9,0.6998782
1362,1698042_y10,0.65787613
1363,1698042_y11,0.78677016
1364,1698042_y12,0.65806025
1365,1698042_y13,0.07947478
1366,1698042_y14,0.18563281
1367,1698042_y15,0.8789484
1368,1698042_y16,0.7494243
1369,1698042_y17,0.5294267
1370,1698042_y18,0.9710759
1371,1698042_y19,0.50447935
1372,1698042_y20,0.31626034
1373,1698042_y21,0.34131467
1374,1698042_y22,0.019968547
1375,1698042_y23,0.72927314
1376,1698042_y24,0.5534734
1377,1698042_y25,0.3050501
1378,1698042_y26,0.17634717
1379,1698042_y27,0.1799022
1380,1698042_y28,0.85692245
1381,1698042_y29,0.14967641
1382,1698042_y30,0.56164384
1383,1698042_y31,0.8525928
1384,1698042_y32,0.42366192
1385,1698042_y33,0.06874791
1386,1698043_y1,0.64812046
1387,1698043_y2,0.36135095
1388,1698043_y3,0.38295567
1389,1698043_y4,0.8505161
1390,1698043_y5,0.47654134
1391,1698043_y6,0.9884705
1392,1698043_y7,0.3443488
1393,1698043_y8,0.43305007
1394,1698043_y9,0.26353458
1395,1698043_y10,0.85308564
1396,1698043_y11,0.6484728
1397,1698043_y12,0.28567624
1398,1698043_y13,0.013516373
1399,1698043_y14,0.16316177
1400,1698043_y15,0.3754126
1401,1698043_y16,0.3344197
1402,1698043_y17,0.95457053
1403,1698043_y18,1.0252539
1404,1698043_y19,0.651446
1405,1698043_y20,0.6559299
1406,1698043_y21,-0.06904191
1407,1698043_y22,0.11564868
1408,1698043_y23,0.9995073
1409,1698043_y24,0.7431962
1410,1698043_y25,0.41430295
1411,1698043_y26,0.90109766
1412,1698043_y27,0.4953595
1413,1698043_y28,0.18882827
1414,1698043_y29,0.4539958
1415,1698043_y30,0.54949266
1416,1698043_y31,0.1598173
1417,1698043_y32,0.6180722
1418,1698043_y33,0.09667945
1419,1698044_y1,0.8356699
1420,1698044_y2,0.16686033
1421,1698044_y3,0.10068285
1422,1698044_y4,0.33960715
1423,1698044_y5,-0.030789658
1424,1698044_y6,0.58697385
1425,1698044_y7,0.7038029
1426,1698044_y8,0.8665112
1427,1698044_y9,0.65633756
1428,1698044_y10,1.0333822
1429,1698044_y11,0.13570215
1430,1698044_y12,0.7016104
1431,1698044_y13,0.153049
1432,1698044_y14,0.3473194
1433,1698044_y15,0.82158315
1434,1698044_y16,0.7373837
1435,1698044_y17,0.7261153
1436,1698044_y18,0.52265
1437,1698044_y19,0.47809505
1438,1698044_y20,0.6012176
1439,1698044_y21,0.23913246
1440,1698044_y22,0.27309442
1441,1698044_y23,0.9239935
1442,1698044_y24,1.1229434
1443,1698044_y25,0.81050235
1444,1698044_y26,0.82504845
1445,1698044_y27,0.7407316
1446,1698044_y28,0.26904777
1447,1698044_y29,0.8777761
1448,1698044_y30,-0.024114318
1449,1698044_y31,0.02517163
1450,1698044_y32,0.25553185
1451,1698044_y33,1.0912882
1452,1698045_y1,0.8947757
1453,1698045_y2,0.99420995
1454,1698045_y3,-0.026990008
1455,1698045_y4,0.1401076
1456,1698045_y5,0.80774254
1457,1698045_y6,0.73883575
1458,1698045_y7,0.33418226
1459,1698045_y8,0.59316796
1460,1698045_y9,0.70599335
1461,1698045_y10,0.65142703
1462,1698045_y11,-0.048431177
1463,1698045_y12,0.25788093
1464,1698045_y13,0.34783417
1465,1698045_y14,0.8787001
1466,1698045_y15,0.71893513
1467,1698045_y16,0.37914258
1468,1698045_y17,0.73235047
1469,1698045_y18,0.8896862
1470,1698045_y19,0.85774046
1471,1698045_y20,-0.05110298
1472,1698045_y21,1.0547465
1473,1698045_y22,0.7386827
1474,1698045_y23,0.80147374
1475,1698045_y24,0.8055698
1476,1698045_y25,0.654533
1477,1698045_y26,0.25176495
1478,1698045_y27,0.59199816
1479,1698045_y28,0.61214685
1480,1698045_y29,1.0412416
1481,1698045_y30,0.85057795
1482,1698045_y31,0.18859272
1483,1698045_y32,0.24176194
1484,1698045_y33,0.45111617
1485,1698046_y1,0.3451724
1486,1698046_y2,0.108565494
1487,1698046_y3,0.32789248
1488,1698046_y4,0.33241427
1489,1698046_y5,0.0037551266
1490,1698046_y6,0.838824
1491,1698046_y7,0.69172776
1492,1698046_y8,0.6499546
1493,1698046_y9,0.35670373
1494,1698046_y10,0.4122151
1495,1698046_y11,0.09334019
1496,1698046_y12,0.03762426
1497,1698046_y13,0.56351
1498,1698046_y14,0.027438745
1499,1698046_y15,0.7086938
1500,1698046_y16,0.669429
1501,1698046_y17,0.7334766
1502,1698046_y18,1.0513179
1503,1698046_y19,0.7936985
1504,1698046_y20,1.1129566
1505,1698046_y21,0.8595664
1506,1698046_y22,0.8073753
1507,1698046_y23,0.8469693
1508,1698046_y24,0.17684023
1509,1698046_y25,0.9866253
1510,1698046_y26,0.90743184
1511,1698046_y27,1.0346532
1512,1698046_y28,0.7826398
1513,1698046_y29,1.0466303
1514,1698046_y30,0.7779307
1515,1698046_y31,0.14523745
1516,1698046_y32,0.23839855
1517,1698046_y33,0.0062038056
1518,1698047_y1,1.054403
1519,1698047_y2,0.4552307
1520,1698047_y3,0.26317388
1521,1698047_y4,0.70447195
1522,1698047_y5,0.9446026
1523,1698047_y6,0.3630126
1524,1698047_y7,-0.04580369
1525,1698047_y8,0.95315754
1526,1698047_y9,0.4067372
1527,1698047_y10,0.8659359
1528,1698047_y11,0.5799861
1529,1698047_y12,1.1116877
1530,1698047_y13,0.8341188
1531,1698047_y14,0.7748881
1532,1698047_y15,0.15261254
1533,1698047_y16,0.9520153
1534,1698047_y17,0.24851897
1535,1698047_y18,0.16212766
1536,1698047_y19,0.44243798
1537,1698047_y20,0.7785868
1538,1698047_y21,0.9437171
1539,1698047_y22,0.8903502
1540,1698047_y23,0.25736737
1541,1698047_y24,0.26677498
1542,1698047_y25,0.70201135
1543,1698047_y26,0.19607155
1544,1698047_y27,0.1493876
1545,1698047_y28,0.16583575
1546,1698047_y29,0.9859863
1547,1698047_y30,0.8874866
1548,1698047_y31,0.87080586
1549,1698047_y32,0.064506054
1550,1698047_y33,0.24271443
1551,1698048_y1,0.797652
1552,1698048_y2,0.14187102
1553,1698048_y3,0.76730937
1554,1698048_y4,0.9967531
1555,1698048_y5,1.0067334
1556,1698048_y6,0.25050905
1557,1698048_y7,0.84593934
1558,1698048_y8,0.5929958
1559,1698048_y9,0.2250724
1560,1698048_y10,0.043296963
1561,1698048_y11,0.11496896
1562,1698048_y12,0.50551915
1563,1698048_y13,0.041473914
1564,1698048_y14,0.088399604
1565,1698048_y15,-0.096037224
1566,1698048_y16,-0.018016677
1567,1698048_y17,0.06548105
1568,1698048_y18,0.8554623
1569,1698048_y19,0.83952504
1570,1698048_y20,1.1173183
1571,1698048_y21,0.5392851
1572,1698048_y22,0.21449015
1573,1698048_y23,0.46660537
1574,1698048_y24,0.05023056
1575,1698048_y25,0.26693594
1576,1698048_y26,0.30957773
1577,1698048_y27,0.49400473
1578,1698048_y28,0.7566708
1579,1698048_y29,0.7120823
1580,1698048_y30,1.0992005
1581,1698048_y31,0.28698328
1582,1698048_y32,0.8164768
1583,1698048_y33,0.53883475
1584,1698049_y1,0.105518535
1585,1698049_y2,-0.013056093
1586,1698049_y3,0.7797948
1587,1698049_y4,0.7137347
1588,1698049_y5,0.89331055
1589,1698049_y6,0.9312678
1590,1698049_y7,0.6705752
1591,1698049_y8,0.7267747
1592,1698049_y9,-0.020738974
1593,1698049_y10,0.07929927
1594,1698049_y11,0.08741735
1595,1698049_y12,0.17801812
1596,1698049_y13,0.034491114
1597,1698049_y14,0.81009823
1598,1698049_y15,-0.06441445
1599,1698049_y16,0.37865296
1600,1698049_y17,0.594843
1601,1698049_y18,0.80607474
1602,1698049_y19,0.5681008
1603,1698049_y20,0.03480706
1604,1698049_y21,0.36068767
1605,1698049_y22,0.7244373
1606,1698049_y23,1.1671759
1607,1698049_y24,0.81803554
1608,1698049_y25,0.06384885
1609,1698049_y26,1.0891716
1610,1698049_y27,0.7391741
1611,1698049_y28,0.5962287
1612,1698049_y29,0.7925915
1613,1698049_y30,0.5273672
1614,1698049_y31,0.89594144
1615,1698049_y32,0.75947636
1616,1698049_y33,0.8393631
1617,1698050_y1,0.13337371
1618,1698050_y2,0.8227026
1619,1698050_y3,1.0746678
1620,1698050_y4,1.1450659
1621,1698050_y5,0.6957886
1622,1698050_y6,0.7673519
1623,1698050_y7,0.71542865
1624,1698050_y8,0.3992004
1625,1698050_y9,0.37683812
1626,1698050_y10,0.024324687
1627,1698050_y11,0.1406295
1628,1698050_y12,0.8827372
1629,1698050_y13,0.5360221
1630,1698050_y14,0.7144054
1631,1698050_y15,0.53638923
1632,1698050_y16,0.7235085
1633,1698050_y17,0.10052221
1634,1698050_y18,0.824494
1635,1698050_y19,1.0039147
1636,1698050_y20,0.23773259
1637,1698050_y21,-0.034542713
1638,1698050_y22,0.7342059
1639,1698050_y23,0.3398735
1640,1698050_y24,0.12416858
1641,1698050_y25,0.87877595
1642,1698050_y26,0.20402141
1643,1698050_y27,0.12226166
1644,1698050_y28,0.3021721
1645,1698050_y29,0.2599784
1646,1698050_y30,0.9717564
1647,1698050_y31,0.9788552
1648,1698050_y32,0.293807
1649,1698050_y33,0.9778217
1650,1698051_y1,0.7824894
1651,1698051_y2,0.04786844
1652,1698051_y3,0.74397194
1653,1698051_y4,0.7862185
1654,1698051_y5,0.5067614
1655,1698051_y6,0.5343402
1656,1698051_y7,0.64447963
1657,1698051_y8,0.92309654
1658,1698051_y9,0.75878674
1659,1698051_y10,0.96120447
1660,1698051_y11,0.45894727
1661,1698051_y12,1.0469238
1662,1698051_y13,0.07517185
1663,1698051_y14,0.7406103
1664,1698051_y15,0.9080374
1665,1698051_y16,0.5008403
1666,1698051_y17,0.9035572
1667,1698051_y18,0.07508124
1668,1698051_y19,0.72866064
1669,1698051_y20,0.086502455
1670,1698051_y21,0.53659344
1671,1698051_y22,-0.02164093
1672,1698051_y23,0.9797828
1673,1698051_y24,0.8815837
1674,1698051_y25,1.0470574
1675,1698051_y26,0.17556892
1676,1698051_y27,0.43050933
1677,1698051_y28,1.0346161
1678,1698051_y29,0.5703027
1679,1698051_y30,0.075996734
1680,1698051_y31,0.2877096
1681,1698051_y32,0.18412513
1682,1698051_y33,0.06493433
1683,1698052_y1,0.3709977
1684,1698052_y2,0.6794878
1685,1698052_y3,0.6223825
1686,1698052_y4,0.80613595
1687,1698052_y5,0.2446095
1688,1698052_y6,0.67422444
1689,1698052_y7,0.26833147
1690,1698052_y8,-0.088604145
1691,1698052_y9,0.6956056
1692,1698052_y10,0.6092009
1693,1698052_y11,0.7384403
1694,1698052_y12,0.18130861
1695,1698052_y13,0.9176324
1696,1698052_y14,1.0344163
1697,1698052_y15,0.6212997
1698,1698052_y16,0.788694
1699,1698052_y17,0.9592835
1700,1698052_y18,0.8287583
1701,1698052_y19,0.8020216
1702,1698052_y20,0.62583303
1703,1698052_y21,0.09294983
1704,1698052_y22,0.4306305
1705,1698052_y23,0.6768249
1706,1698052_y24,0.2973357
1707,1698052_y25,0.5048657
1708,1698052_y26,0.94877356
1709,1698052_y27,0.09189456
1710,1698052_y28,-0.16129473
1711,1698052_y29,0.87710106
1712,1698052_y30,0.69434345
1713,1698052_y31,0.78118074
1714,1698052_y32,0.06212802
1715,1698052_y33,0.80643094
1716,1698053_y1,0.8216023
1717,1698053_y2,0.14769502
1718,1698053_y3,0.40526587
1719,1698053_y4,0.046576615
1720,1698053_y5,0.59045154
1721,1698053_y6,0.47824124
1722,1698053_y7,0.9404679
1723,1698053_y8,0.68398756
1724,1698053_y9,1.0083437
1725,1698053_y10,0.36642238
1726,1698053_y11,0.8120716
1727,1698053_y12,0.0013524324
1728,1698053_y13,0.7445148
1729,1698053_y14,0.7599943
1730,1698053_y15,1.1654806
1731,1698053_y16,0.5603743
1732,1698053_y17,0.41396824
1733,1698053_y18,-0.08184938
1734,1698053_y19,0.93215495
1735,1698053_y20,0.75703067
1736,1698053_y21,0.65377676
1737,1698053_y22,0.067381874
1738,1698053_y23,0.9184048
1739,1698053_y24,0.68346786
1740,1698053_y25,0.57963413
1741,1698053_y26,0.9584342
1742,1698053_y27,1.0896959
1743,1698053_y28,0.6913255
1744,1698053_y29,0.25029662
1745,1698053_y30,0.76924515
1746,1698053_y31,0.17078744
1747,1698053_y32,0.8576982
1748,1698053_y33,1.1544393
1749,1698054_y1,0.90833485
1750,1698054_y2,0.8617158
1751,1698054_y3,0.10235345
1752,1698054_y4,0.19289093
1753,1698054_y5,0.14637445
1754,1698054_y6,0.50592786
1755,1698054_y7,1.0733722
1756,1698054_y8,0.46592024
1757,1698054_y9,0.33434618
1758,1698054_y10,0.96834034
1759,1698054_y11,0.86495894
1760,1698054_y12,0.7867597
1761,1698054_y13,0.16101052
1762,1698054_y14,0.73824465
1763,1698054_y15,0.7627757
1764,1698054_y16,0.5060231
1765,1698054_y17,0.31564638
1766,1698054_y18,0.6356621
1767,1698054_y19,0.4983319
1768,1698054_y20,0.20671448
1769,1698054_y21,0.25484926
1770,1698054_y22,0.20350857
1771,1698054_y23,0.9693409
1772,1698054_y24,0.99423915
1773,1698054_y25,0.057188228
1774,1698054_y26,0.9718649
1775,1698054_y27,0.86441076
1776,1698054_y28,0.089783445
1777,1698054_y29,0.10362331
1778,1698054_y30,0.48872352
1779,1698054_y31,0.972468
1780,1698054_y32,0.35321948
1781,1698054_y33,0.7084559
1782,1698055_y1,0.92141813
1783,1698055_y2,0.17546128
1784,1698055_y3,0.87321013
1785,1698055_y4,0.07606897
1786,1698055_y5,1.0438815
1787,1698055_y6,0.4129867
1788,1698055_y7,0.9290515
1789,1698055_y8,0.81311333
1790,1698055_y9,0.5814662
1791,1698055_y10,0.78262657
1792,1698055_y11,0.82943106
1793,1698055_y12,0.39082518
1794,1698055_y13,0.8065
1795,1698055_y14,0.3869847
1796,1698055_y15,0.8094762
1797,1698055_y16,0.6472681
1798,1698055_y17,0.8597899
1799,1698055_y18,0.73585486
1800,1698055_y19,0.6055285
1801,1698055_y20,0.6856992
1802,1698055_y21,0.34652373
1803,1698055_y22,0.5558865
1804,1698055_y23,0.33705714
1805,1698055_y24,0.26975238
1806,1698055_y25,0.9787643
1807,1698055_y26,0.6853502
1808,1698055_y27,0.8289523
1809,1698055_y28,0.025091356
1810,1698055_y29,0.8578608
1811,1698055_y30,0.7943501
1812,1698055_y31,0.8075044
1813,1698055_y32,0.68255424
1814,1698055_y33,0.33455
1815,1698056_y1,1.1863815
1816,1698056_y2,0.9420769
1817,1698056_y3,0.8843242
1818,1698056_y4,0.55058426
1819,1698056_y5,0.9313662
1820,1698056_y6,0.7805654
1821,1698056_y7,0.8422057
1822,1698056_y8,1.0503492
1823,1698056_y9,0.72007805
1824,1698056_y10,0.05427293
1825,1698056_y11,0.46894333
1826,1698056_y12,0.7987993
1827,1698056_y13,0.20772634
1828,1698056_y14,0.5942677
1829,1698056_y15,1.0080509
1830,1698056_y16,0.27029666
1831,1698056_y17,0.78738666
1832,1698056_y18,0.7277533
1833,1698056_y19,0.6870871
1834,1698056_y20,0.6115257
1835,1698056_y21,1.0813118
1836,1698056_y22,0.52300906
1837,1698056_y23,0.82303685
1838,1698056_y24,1.1410307
1839,1698056_y25,0.38839287
1840,1698056_y26,-0.07055062
1841,1698056_y27,0.99241745
1842,1698056_y28,0.26774287
1843,1698056_y29,0.308455
1844,1698056_y30,0.728441
1845,1698056_y31,1.0390701
1846,1698056_y32,0.39838812
1847,1698056_y33,-0.13145433
1848,1698057_y1,0.072612256
1849,1698057_y2,0.07612316
1850,1698057_y3,0.14782697
1851,1698057_y4,0.7202049
1852,1698057_y5,0.8023448
1853,1698057_y6,1.040638
1854,1698057_y7,0.13373768
1855,1698057_y8,1.0707792
1856,1698057_y9,0.732009
1857,1698057_y10,0.7311245
1858,1698057_y11,0.6735678
1859,1698057_y12,0.36712438
1860,1698057_y13,0.015813634
1861,1698057_y14,0.62270856
1862,1698057_y15,0.6520763
1863,1698057_y16,0.7085188
1864,1698057_y17,0.17064188
1865,1698057_y18,1.1204046
1866,1698057_y19,0.84073395
1867,1698057_y20,0.6482415
1868,1698057_y21,-0.011826508
1869,1698057_y22,1.0265793
1870,1698057_y23,0.46522754
1871,1698057_y24,0.09831272
1872,1698057_y25,1.0614575
1873,1698057_y26,0.3633693
1874,1698057_y27,0.5796344
1875,1698057_y28,0.7543564
1876,1698057_y29,0.8015809
1877,1698057_y30,1.1052977
1878,1698057_y31,0.9200874
1879,1698057_y32,0.6642343
1880,1698057_y33,0.62951785
1881,1698058_y1,0.85317653
1882,1698058_y2,0.05786819
1883,1698058_y3,0.51477486
1884,1698058_y4,1.0072112
1885,1698058_y5,0.9989111
1886,1698058_y6,0.27903318
1887,1698058_y7,0.77086604
1888,1698058_y8,0.8404595
1889,1698058_y9,0.50434446
1890,1698058_y10,0.4249532
1891,1698058_y11,0.08526264
1892,1698058_y12,0.887934
1893,1698058_y13,0.18029957
1894,1698058_y14,0.5523084
1895,1698058_y15,0.05644798
1896,1698058_y16,0.75230825
1897,1698058_y17,1.2160246
1898,1698058_y18,0.21990411
1899,1698058_y19,0.13220629
1900,1698058_y20,0.08339467
1901,1698058_y21,0.9715392
1902,1698058_y22,0.9096375
1903,1698058_y23,0.7175077
1904,1698058_y24,0.11822256
1905,1698058_y25,0.31383747
1906,1698058_y26,0.93146
1907,1698058_y27,0.3359589
1908,1698058_y28,0.8784575
1909,1698058_y29,0.7035277
1910,1698058_y30,0.77771384
1911,1698058_y31,0.07505114
1912,1698058_y32,0.896357
1913,1698058_y33,0.9784789
1914,1698059_y1,0.6413613
1915,1698059_y2,0.033099145
1916,1698059_y3,0.9698764
1917,1698059_y4,0.9777552
1918,1698059_y5,0.04346756
1919,1698059_y6,0.99022937
1920,1698059_y7,1.0010443
1921,1698059_y8,0.8674084
1922,1698059_y9,0.24937488
1923,1698059_y10,0.8119638
1924,1698059_y11,0.6524791
1925,1698059_y12,0.5846309
1926,1698059_y13,0.25066426
1927,1698059_y14,0.71499115
1928,1698059_y15,0.7967149
1929,1698059_y16,1.0053948
1930,1698059_y17,0.09368423
1931,1698059_y18,0.26641732
1932,1698059_y19,0.114144534
1933,1698059_y20,0.6263641
1934,1698059_y21,0.13845739
1935,1698059_y22,0.70407605
1936,1698059_y23,0.9339557
1937,1698059_y24,0.9070784
1938,1698059_y25,0.001247901
1939,1698059_y26,-0.029583037
1940,1698059_y27,0.66617113
1941,1698059_y28,0.1321252
1942,1698059_y29,0.7693255
1943,1698059_y30,1.01413
1944,1698059_y31,-0.036948103
1945,1698059_y32,0.19025016
1946,1698059_y33,1.1077474
1947,1698060_y1,0.8387719
1948,1698060_y2,0.7437105
1949,1698060_y3,0.7196
1950,1698060_y4,0.24127257
1951,1698060_y5,0.11505079
1952,1698060_y6,0.9836406
1953,1698060_y7,-0.0048369374
1954,1698060_y8,0.14040777
1955,1698060_y9,0.7061072
1956,1698060_y10,1.0108436
1957,1698060_y11,-0.008067576
1958,1698060_y12,0.38199905
1959,1698060_y13,0.32343748
1960,1698060_y14,0.7560905
1961,1698060_y15,0.90661675
1962,1698060_y16,0.13742062
1963,1698060_y17,0.9266146
1964,1698060_y18,0.82901204
1965,1698060_y19,0.95474863
1966,1698060_y20,0.35313404
1967,1698060_y21,0.5378425
1968,1698060_y22,0.0058561084
1969,1698060_y23,0.7256164
1970,1698060_y24,0.19238584
1971,1698060_y25,1.036435
1972,1698060_y26,1.0254308
1973,1698060_y27,0.62798095
1974,1698060_y28,0.20812541
1975,1698060_y29,0.060877353
1976,1698060_y30,0.9992403
1977,1698060_y31,0.3900677
1978,1698060_y32,0.7185449
1979,1698060_y33,0.8391166
1980,1698061_y1,0.9902095
1981,1698061_y2,0.87049866
1982,1698061_y3,0.10339838
1983,1698061_y4,1.0141044
1984,1698061_y5,0.09854256
1985,1698061_y6,0.55741405
1986,1698061_y7,0.25072402
1987,1698061_y8,0.63855225
1988,1698061_y9,0.7343745
1989,1698061_y10,0.8231124
1990,1698061_y11,0.13053252
1991,1698061_y12,0.6369667
1992,1698061_y13,0.400846
1993,1698061_y14,0.7244113
1994,1698061_y15,0.22425514
1995,1698061_y16,0.44777134
1996,1698061_y17,0.23323777
1997,1698061_y18,1.0162112
1998,1698061_y19,0.9331683
1999,1698061_y20,0.48656937
